{
    "cookie-clicker": "https://gg-opensocial.googleusercontent.com/gadgets/ifr?url=https://cdn.jsdelivr.net/gh/r3tq6l1/to9d2if1dv@b8bd9642c79ae4ba16dbf759bb3e76625bc8641e/n4sfh78/cc.xml",
    "run3": "https://lekug.github.io/tn6pS9dCf37xAhkJv/",
    "snowball": "https://gg-opensocial.googleusercontent.com/gadgets/ifr?url=https://cdn.jsdelivr.net/gh/fr6ks8ab/vi9syd1rm@b1961d79577fbdfcf4033025c72e34d4ffcf001e/ps94jf2/snowball-io.xml",
    "slither": "https://gg-opensocial.googleusercontent.com/gadgets/ifr?url=https://174620846-1408264916283502371.preview.editmysite.com/uploads/b/139890129-853193733110235683/files/sis.xml",
    "unofficial-flappy-bird": "https://gg-opensocial.googleusercontent.com/gadgets/ifr?url=https://cdn.jsdelivr.net/gh/fr6ks8ab/vi9syd1rm@b54da92e54b10f5fe25673e9da9bacc789771094/7thxcv4f/vd8g3s.xml",
    "helix-jump": "https://images-opensocial.googleusercontent.com/gadgets/ifr?url=https://cdn.jsdelivr.net/gh/234sd4w5w45wers5tr-645758574456456/436874@main/7567856785.xml",
    "bloxorz": "https://bloxorzunblocked.github.io/",
    "dino-game": "https://tuckercraig.com/dino/",
    "hole": "https://images-opensocial.googleusercontent.com/gadgets/ifr?url=https://cdn.jsdelivr.net/gh/fr6ks8ab/vi9syd1rm@b72ce32e265120aa3060e756da84279ab9a862e0/9fjdsd4h/hole-io.xml",
    "eggy-car": "//m0u0qgft37bki6i943tnlh4lgcr39mq5-a-sites-opensocial.googleusercontent.com/gadgets/ifr?url=https://493104753-963057148227461038.preview.editmysite.com/uploads/b/139890129-825858355833705451/files/ec.xml&amp;container=enterprise&amp;view=default&amp;lang=en&amp;country=ALL&amp;sanitize=0&amp;v=6f747e9a08e4b4db&amp;libs=core&amp;mid=198&amp;parent=https://sites.google.com/site/unblockedgame76/eggy-car#st=e%3DAIHE3cCUMvrpz3MmkH09GaF5fqfJmjJg3xVE2dwZtvEBomkYR1Pku5To9P5ZrDgSP4PaEJn4%252BpsA%252BXMvDBaBXmE4OuHIHrDKwrw9M0QNBsPquvbqknnydccoOZmy9qPFLvo0%252FVxAyMX0%26c%3Denterprise&amp;rpctoken=3029181788345016443",
    "supermariobros": "https://images-opensocial.googleusercontent.com/gadgets/ifr?url=https://395713058-173957204856294731.preview.editmysite.com/uploads/b/139890129-314264279627264120/files/smb.xml",
    "traffic-run": "https://images-opensocial.googleusercontent.com/gadgets/ifr?url=https://cdn.jsdelivr.net/gh/fr6ks8ab/vi9syd1rm@20db146987ee9bc40a96719110495a6de64667e6/qlfo3d5/TrafficRun.xml",
    "eggy-car-2": "//bc1lr4c72ql9ku2794d14gma035dju86-a-sites-opensocial.googleusercontent.com/gadgets/ifr?url=https://470137485-731408594630715268.preview.editmysite.com/uploads/b/139890129-886482068636258287/files/eg2.xml&amp;container=enterprise&amp;view=default&amp;lang=en&amp;country=ALL&amp;sanitize=0&amp;v=6cb0c0eeb5ec578f&amp;libs=core&amp;mid=80&amp;parent=https://sites.google.com/site/unblockedgames66ez/eggy-car-2#st=e%3DAIHE3cDi19%252B%252FFFy%252FOAWFuWV0Hu9gc34KMR7rRQVQ18MDTIR1Z%252FmYOp5411dyTAQo4g2%252FT%252Blfq8h3j8DKgMrFLi6GRd8I82HStWTGWFF7pVtc%252FzXIVQyS0t30SmpbEmUS18a686pm%252F8DA%26c%3Denterprise&amp;rpctoken=-2784121184205818044",
    "amongus": "https://images-opensocial.googleusercontent.com/gadgets/ifr?url=https://cdn.jsdelivr.net/gh/r3tq6l1/to9d2if1dv@e583f8c0c58d62fcb092e0da5452635bc97056fd/4h8sk3g/among-us.xml",
    "backrooms-online": "https://script.google.com/macros/s/AKfycbwP_Yq-kbxfVFhZG15dwseK_MA98gs2wnOgrA4VPJNPbxOTOaLTCiztn-B0xrutwV7F7w/exec",
    "escape-prison-minecraft": "https://images-opensocial.googleusercontent.com/gadgets/ifr?url=https://428048613-274630817493625816.preview.editmysite.com/uploads/b/139890129-289556751581345554/files/nm.xml",
    "slope": "https://images-opensocial.googleusercontent.com/gadgets/ifr?url=https://cdn.jsdelivr.net/gh/fr6ks8ab/vi9syd1rm@84d73b06974a0734495c3c1f280653183b357524/ls49v2n/slope.xml",
    "paper-2": "https://images-opensocial.googleusercontent.com/gadgets/ifr?url=https://cdn.jsdelivr.net/gh/234sd4w5w45wers5tr-645758574456456/435345345346@main/d8g3s-53253463456pp.xml",
    "minecraft-online": "https://sd592g.github.io/zj684od4lfg/",
    "run-4": "https://run-33.vakhtangi1980.repl.co/",
    "subway-surfers": "https://images-opensocial.googleusercontent.com/gadgets/ifr?url=https://cdn.jsdelivr.net/gh/jackilyna/vi2od74hsa@0223b1efce0d6e426c9cccdcd6ac0adf8162b52b/ssh.xml",
    "papas-pizzeria": "https://images-opensocial.googleusercontent.com/gadgets/ifr?url=https://s3.amazonaws.com/production-assetsbucket-8ljvyr1xczmb/1ee20621-61bc-4ec8-a8ec-5e839c2e6edc%2Fpapa-s-pizzeria.xml",
    "jack-smith": "https://images-opensocial.googleusercontent.com/gadgets/ifr?url=https://s3.amazonaws.com/production-assetsbucket-8ljvyr1xczmb/1ee20621-61bc-4ec8-a8ec-5e839c2e6edc%2Fjacksmith.xml",
    "tower-defense": "https://images-opensocial.googleusercontent.com/gadgets/ifr?url=https://cdn.jsdelivr.net/gh/r3tq6l1/to9d2if11dv@005f55d82c14142ae539cf0d79220cfe1d5529b1/y4dg6/d8g3s.xml",
    "road-crossing": "https://www-sites-opensocial.googleusercontent.com/gadgets/ifr?url=https://sites.google.com/site/s011h5fk/crossy-road.xml",
    "retro-bowl": "https://gg-opensocial.googleusercontent.com/gadgets/ifr?url=https://274079163-174037128449362058.preview.editmysite.com/uploads/b/139890129-899796311729593176/files/rtbl.xml",
    "snow-rider-3d": "https://images-opensocial.googleusercontent.com/gadgets/ifr?url=https://cdn.jsdelivr.net/gh/fr6ks8ab/vi9syd1rm@f0981e94dcc7836acb298d369a6e65391b802904/d65uds32/SnowRider3D.xml",
    "tiny-fishing": "https://tinyfishing.github.io",
    "papas-sushi": "https://images-opensocial.googleusercontent.com/gadgets/ifr?url=https://s3.amazonaws.com/production-assetsbucket-8ljvyr1xczmb/1ee20621-61bc-4ec8-a8ec-5e839c2e6edc%2Fpapa-s-sushiria.xml",
    "moto-x3m-4": "https://www-sites-opensocial.googleusercontent.com/gadgets/ifr?url=https://groups.google.com/group/alskfhaskfhalskfhasklfjhaklhfwakl--asd-asd-aw-dasdas-dva-45-45d/attach/150696791ca619/motto-googlecom.xml?part=0.1&amp;view=1; frameborder=",
    "stink-clicker": "https://images-opensocial.googleusercontent.com/gadgets/ifr?url=https://s3.amazonaws.com/production-assetsbucket-8ljvyr1xczmb/1ee20621-61bc-4ec8-a8ec-5e839c2e6edc%2Fpoop-clicker.xml",
    "granny": "https://granny-2.vakhtangi1980.repl.co/",
    "bottle-flip-3d": "https://bottleflip3d.github.io/"
}